{"type": "metrics", "dataset": "train", "precision": 0.9530516431924883, "balanced_accuracy": 0.7964272085741151, "recall": 0.6014814814814815, "f1_score": 0.737511353315168}
{"type": "metrics", "dataset": "test", "precision": 0.6638005159071367, "balanced_accuracy": 0.6748780407113999, "recall": 0.4050367261280168, "f1_score": 0.5030954708374064}
{"type": "cm_matrix", "dataset": "train", "true_0": {"predicted_1": 140, "predicted_0": 16088}, "true_1": {"predicted_0": 1883, "predicted_1": 2842}}
{"type": "cm_matrix", "dataset": "test", "true_0": {"predicted_0": 6682, "predicted_1": 391}, "true_1": {"predicted_0": 1134, "predicted_1": 772}}
